CNTRCT_AR,EXCLUSE_AR,GNSPLY_HSHLDCO,GP,HOUSE_MANAGE_NO,MODEL_NO,PBLANC_NO,SPSPLY_AGED_HSHLDCO,SPSPLY_NEW_MRRG_HSHLDCO,SPSPLY_YGMN_HSHLDCO,SUBSCRPT_REQST_AMOUNT,SUPLY_AMOUNT,SUPLY_AR,SUPLY_HSHLDCO,TP
97.6341,44.8437,14,-,2024850027,01,2024850027,0,0,0,10,25000,61.8546,14,44A
97.6341,44.8437,0,-,2024850027,02,2024850027,0,4,0,10,25000,61.8546,4,44AT
96.6182,44.9862,16,-,2024850027,03,2024850027,0,0,0,10,25000,61.2110,16,44B
96.6182,44.9862,0,-,2024850027,04,2024850027,0,4,0,10,25000,61.2110,4,44BT
208.4470,84.9922,1,-,2024850026,01,2024850026,0,0,0,30,63792,113.8456,1,84C
114.7614,59.9954,367,-,2024850025,01,2024850025,0,0,0,10,13900,80.4950,367,59A
115.0921,59.9699,9,-,2024850025,02,2024850025,0,0,0,10,13900,80.8402,9,59B
114.7614,59.9954,0,-,2024850025,03,2024850025,0,118,0,10,12400,80.4950,118,59C
151.2197,79.9538,176,-,2024850025,04,2024850025,0,0,0,10,17600,105.5539,176,79A
125.8363,65.9024,50,-,2024850024,01,2024850024,0,0,0,10,14000,86.0106,50,65A
142.6796,74.9331,38,-,2024850024,02,2024850024,0,0,0,10,14000,97.3966,38,74A
142.9180,74.9719,27,-,2024850024,03,2024850024,0,0,0,10,14000,97.6115,27,74B
143.7736,74.9808,5,-,2024850024,04,2024850024,0,0,0,10,14000,98.4617,5,74C
208.4470,84.9922,3,-,2024850023,01,2024850023,0,0,0,30,68067,113.8456,3,84C
125.8363,65.9024,0,-,2024850022,01,2024850022,0,38,37,10,9000,86.0106,75,65A-2
142.6796,74.9331,2,-,2024850022,02,2024850022,0,0,0,10,14000,97.3966,2,74A
142.6796,74.9331,0,-,2024850022,03,2024850022,0,56,56,10,9000,97.3966,112,74A-2
142.9180,74.9719,0,-,2024850022,04,2024850022,0,19,19,10,9000,97.6115,38,74B-2
143.7736,74.9808,1,-,2024850022,05,2024850022,0,0,0,10,14000,98.4617,1,74C
143.7736,74.9808,0,-,2024850022,06,2024850022,0,4,4,10,6000,98.4617,8,74C-2
161.3948,84.9976,8,-,2024850022,07,2024850022,0,0,0,10,14000,110.0296,8,84A
161.3948,84.9976,0,-,2024850022,08,2024850022,0,4,4,10,8000,110.0296,8,84A-2
161.9085,84.9740,9,-,2024850022,09,2024850022,0,0,0,10,14000,110.5576,9,84B
161.9085,84.9740,0,-,2024850022,10,2024850022,0,3,4,10,8000,110.5576,7,84B-2
161.8513,84.9414,4,-,2024850022,11,2024850022,0,0,0,10,14000,110.5201,4,84C
121.9784,59.9536,0,-,2024850021,01,2024850021,9,4,0,10,17900,83.6704,13,59A
123.2580,59.9960,0,-,2024850021,02,2024850021,5,34,0,10,17800,84.9230,39,59B
121.7906,59.9449,0,-,2024850021,03,2024850021,5,26,0,10,17700,83.4882,31,59C
148.3305,75.2470,0,-,2024850021,04,2024850021,5,0,0,10,21000,100.2506,5,75
162.8704,84.7229,0,-,2024850021,05,2024850021,2,0,0,10,22900,108.7358,2,84
208.4470,84.9922,4,-,2024850020,01,2024850020,0,0,0,30,67402,113.8456,4,84C
121.9784,59.9536,0,-,2024850019,01,2024850019,10,8,0,10,17900,83.6704,18,59A
123.2580,59.9960,0,-,2024850019,02,2024850019,5,38,3,10,17800,84.9230,46,59B
121.7906,59.9449,0,-,2024850019,03,2024850019,5,26,1,10,17700,83.4882,32,59C
148.3305,75.2470,0,-,2024850019,04,2024850019,5,1,0,10,21000,100.2506,6,75
162.8704,84.7229,0,-,2024850019,05,2024850019,2,2,0,10,22900,108.7358,4,84
208.4470,84.9922,14,-,2024850018,01,2024850018,0,0,0,30,67402,113.8456,14,84C
85.2341,35.8833,0,-,2024850016,01,2024850016,0,0,32,10,5000,57.6027,32,35A
85.2341,35.8833,48,-,2024850016,02,2024850016,0,0,0,10,5000,57.6027,48,35B
85.2341,35.8833,52,-,2024850016,03,2024850016,0,0,0,10,5000,57.6027,52,35C
86.3918,36.3007,15,-,2024850016,04,2024850016,0,0,0,10,5000,58.4390,15,36
148.3924,59.9860,0,-,2024850015,01,2024850015,0,1,0,30,45985,81.6244,1,59A-2
208.4470,84.9922,18,-,2024850015,02,2024850015,0,0,0,30,67640,113.8456,18,84C
121.9784,59.9536,0,-,2024850014,01,2024850014,9,17,5,10,17900,83.6704,31,59A
123.2580,59.9960,0,-,2024850014,02,2024850014,5,40,1,10,17800,84.9230,46,59B
121.7906,59.9449,0,-,2024850014,03,2024850014,5,26,1,10,17700,83.4882,32,59C
148.3305,75.2470,0,-,2024850014,04,2024850014,5,0,2,10,21000,100.2506,7,75
162.8704,84.7229,0,-,2024850014,05,2024850014,3,0,0,10,22900,108.7358,3,84
91.1371,26.0039,6,-,2024850013,01,2024850013,0,0,0,10,1000,53.9583,6,26A
91.1371,26.0039,0,-,2024850013,02,2024850013,0,0,24,10,1000,53.9583,24,26AT
128.1132,36.7976,30,-,2024850013,03,2024850013,0,0,0,10,2000,75.5022,30,36A
128.0001,36.9078,30,-,2024850013,04,2024850013,0,0,0,10,2000,75.2316,30,36B
172.0508,49.5234,28,-,2024850013,05,2024850013,0,0,0,10,3000,101.2452,28,49F
148.3924,59.9860,0,-,2024850012,01,2024850012,0,1,0,30,46410,81.6244,1,59A-2
209.5720,84.9832,10,-,2024850012,02,2024850012,0,0,0,30,64695,114.9806,10,84A
209.5149,84.9638,2,-,2024850012,03,2024850012,0,0,0,30,66072,114.9452,2,84B
208.4470,84.9922,55,-,2024850012,04,2024850012,0,0,0,30,69397,113.8456,55,84C
125.8363,65.9024,0,-,2024850011,01,2024850011,0,25,0,10,8900,86.0106,25,65A-1
142.9180,74.9719,0,-,2024850011,02,2024850011,0,9,0,10,8900,97.6115,9,74B-1
143.7736,74.9808,10,-,2024850011,03,2024850011,0,0,0,10,14000,98.4617,10,74C
161.8513,84.9414,41,-,2024850011,04,2024850011,0,0,0,10,14000,110.5201,41,84C
175.4238,83.0447,14,-,2024850010,01,2024850010,0,0,0,10,22000,108.4658,14,83A
176.4707,83.3653,18,-,2024850010,02,2024850010,0,0,0,10,22000,109.2541,18,83B
176.4707,83.3653,0,-,2024850010,03,2024850010,2,0,0,10,21200,109.2541,2,83B-3
148.3924,59.9860,0,-,2024850009,01,2024850009,0,1,0,30,45985,81.6244,1,59A-2
209.5720,84.9832,21,-,2024850009,02,2024850009,0,0,0,30,68732,114.9806,21,84A
209.5149,84.9638,2,-,2024850009,03,2024850009,0,0,0,30,66072,114.9452,2,84B
208.4470,84.9922,64,-,2024850009,04,2024850009,0,0,0,30,69397,113.8456,64,84C
209.0984,84.9754,1,-,2024850009,05,2024850009,0,0,0,30,66547,114.5158,1,84T
121.9784,59.9536,0,-,2024850008,01,2024850008,9,22,1,10,17900,83.6704,32,59A
123.2580,59.9960,0,-,2024850008,02,2024850008,5,42,2,10,17800,84.9230,49,59B
121.7906,59.9449,0,-,2024850008,03,2024850008,5,26,4,10,17700,83.4882,35,59C
148.3305,75.2470,0,-,2024850008,04,2024850008,4,1,0,10,21000,100.2506,5,75
162.8704,84.7229,0,-,2024850008,05,2024850008,3,0,3,10,22900,108.7358,6,84
148.3924,59.9860,0,-,2024850007,01,2024850007,0,2,0,30,45560,81.6244,2,59A-2
209.5720,84.9832,12,-,2024850007,02,2024850007,0,0,0,30,68732,114.9806,12,84A
208.4470,84.9922,25,-,2024850007,03,2024850007,0,0,0,30,69397,113.8456,25,84C
125.8679,65.9024,0,-,2024850006,01,2024850006,0,38,0,10,8900,86.0437,38,65A-1
142.7155,74.9331,38,-,2024850006,02,2024850006,0,0,0,10,14000,97.4342,38,74A
142.7155,74.9331,0,-,2024850006,03,2024850006,0,56,0,10,8900,97.4342,56,74A-1
142.9539,74.9719,0,-,2024850006,04,2024850006,0,19,0,10,8900,97.6491,19,74B-1
143.8095,74.9808,38,-,2024850006,05,2024850006,0,0,0,10,14000,98.4993,38,74C
161.4356,84.9976,223,-,2024850006,06,2024850006,0,0,0,10,14000,110.0723,223,84A
161.4356,84.9976,0,-,2024850006,07,2024850006,0,2,0,10,8900,110.0723,2,84A-1
161.9493,84.9740,93,-,2024850006,08,2024850006,0,0,0,10,14000,110.6003,93,84B
161.9493,84.9740,0,-,2024850006,09,2024850006,0,1,0,10,8900,110.6003,1,84B-1
161.8921,84.9414,131,-,2024850006,10,2024850006,0,0,0,10,14000,110.5628,131,84C
161.8921,84.9414,0,-,2024850006,11,2024850006,0,2,0,10,8900,110.5628,2,84C-1
161.3276,84.9293,14,-,2024850006,12,2024850006,0,0,0,10,14000,110.0056,14,84T
175.4238,83.0447,138,-,2024850005,01,2024850005,0,0,0,10,22000,108.4658,138,83A
175.4238,83.0447,0,-,2024850005,02,2024850005,0,0,7,10,21200,108.4658,7,83A-1
175.4238,83.0447,0,-,2024850005,03,2024850005,0,21,0,10,21200,108.4658,21,83A-2
175.4238,83.0447,0,-,2024850005,04,2024850005,6,0,0,10,21200,108.4658,6,83A-3
176.4707,83.3653,56,-,2024850005,05,2024850005,0,0,0,10,22000,109.2541,56,83B
176.4707,83.3653,0,-,2024850005,06,2024850005,0,0,3,10,21200,109.2541,3,83B-1
176.4707,83.3653,0,-,2024850005,07,2024850005,0,8,0,10,21200,109.2541,8,83B-2
176.4707,83.3653,0,-,2024850005,08,2024850005,4,0,0,10,21200,109.2541,4,83B-3
121.9784,59.9536,0,-,2024850004,01,2024850004,9,25,0,10,17900,83.6704,34,59A
123.2580,59.9960,0,-,2024850004,02,2024850004,5,43,0,10,17800,84.9230,48,59B
121.7906,59.9449,0,-,2024850004,03,2024850004,5,26,15,10,17700,83.4882,46,59C
148.3305,75.2470,0,-,2024850004,04,2024850004,4,3,1,10,21000,100.2506,8,75
148.3305,75.2470,1,-,2024850004,05,2024850004,0,0,0,10,21000,100.2506,1,75-1
162.8704,84.7229,0,-,2024850004,06,2024850004,3,1,2,10,22900,108.7358,6,84
172.9348,84.9352,230,-,2024850003,01,2024850003,0,0,0,10,17500,112.7528,230,84A
172.9348,84.9352,0,-,2024850003,02,2024850003,0,47,0,10,15000,112.7528,47,84A-1
172.9662,84.9637,13,-,2024850003,03,2024850003,0,0,0,10,17500,112.7640,13,84B
172.9662,84.9637,0,-,2024850003,04,2024850003,0,34,0,10,15000,112.7640,34,84B-1
148.3924,59.9860,0,-,2024850002,01,2024850002,2,2,0,30,46410,81.6244,4,59A-2
149.3581,59.9884,0,-,2024850002,02,2024850002,1,0,1,30,43350,82.5875,2,59B-2
209.5720,84.9832,12,-,2024850002,03,2024850002,0,0,0,30,68732,114.9806,12,84A
208.4470,84.9922,29,-,2024850002,04,2024850002,0,0,0,30,75050,113.8456,29,84C
121.9784,59.9536,0,-,2024850001,01,2024850001,10,31,2,10,17900,83.6704,43,59A
123.2580,59.9960,0,-,2024850001,02,2024850001,5,42,12,10,17800,84.9230,59,59B
121.7906,59.9449,0,-,2024850001,03,2024850001,5,27,19,10,17700,83.4882,51,59C
148.3305,75.2470,0,-,2024850001,04,2024850001,4,1,0,10,21000,100.2506,5,75
148.3305,75.2470,1,-,2024850001,05,2024850001,0,0,0,10,21000,100.2506,1,75-1
162.8704,84.7229,0,-,2024850001,06,2024850001,3,0,1,10,22900,108.7358,4,84
148.3924,59.9860,0,-,2023850033,01,2023850033,2,1,0,30,45985,81.6244,3,59A-2
149.3581,59.9884,0,-,2023850033,02,2023850033,1,0,1,30,43350,82.5875,2,59B-2
187.3454,75.9614,2,-,2023850033,03,2023850033,0,0,0,30,61940,102.7959,2,75
209.5720,84.9832,29,-,2023850033,04,2023850033,0,0,0,30,77377,114.9806,29,84A
209.5149,84.9638,4,-,2023850033,05,2023850033,0,0,0,30,67022,114.9452,4,84B
208.4470,84.9922,56,-,2023850033,06,2023850033,0,0,0,30,76902,113.8456,56,84C
209.0984,84.9754,1,-,2023850033,07,2023850033,0,0,0,30,66547,114.5158,1,84T
159.0633,84.9733,48,-,2023850032,01,2023850032,0,0,0,100,43367,108.0834,48,84A
159.0633,84.9733,0,-,2023850032,02,2023850032,0,70,0,100,38802,108.0834,70,84A-1
158.3675,84.8229,32,-,2023850032,03,2023850032,0,0,0,100,43082,107.4780,32,84B
158.3675,84.8229,0,-,2023850032,04,2023850032,0,48,0,100,38547,107.4780,48,84B-1
189.1234,101.3623,198,-,2023850032,05,2023850032,0,0,0,100,51917,128.3111,198,101A
188.5953,101.3132,189,-,2023850032,06,2023850032,0,0,0,100,51727,127.8123,189,101B
121.9784,59.9536,0,-,2023850031,01,2023850031,10,32,7,10,17900,83.6704,49,59A
123.2580,59.9960,0,-,2023850031,02,2023850031,5,41,12,10,17800,84.9230,58,59B
121.7906,59.9449,0,-,2023850031,03,2023850031,5,27,25,10,17700,83.4882,57,59C
148.3305,75.2470,0,-,2023850031,04,2023850031,4,0,0,10,21000,100.2506,4,75
162.8704,84.7229,0,-,2023850031,05,2023850031,3,0,1,10,22900,108.7358,4,84
48.1557,22.7553,30,-,2023850030,01,2023850030,0,0,0,10,500,36.1305,30,22A1
48.0876,22.6899,12,-,2023850030,02,2023850030,0,0,0,10,500,36.0970,12,22A2
48.3653,22.9653,48,-,2023850030,03,2023850030,0,0,0,10,500,36.2291,48,22A3
48.5897,23.1879,12,-,2023850030,04,2023850030,0,0,0,10,500,36.3359,12,23A2
62.5476,29.9623,30,-,2023850030,05,2023850030,0,0,0,10,1000,46.7138,30,29A1
61.6148,29.0370,30,-,2023850030,06,2023850030,0,0,0,10,1000,46.2700,30,29A2
86.7762,41.8984,7,-,2023850030,07,2023850030,0,0,0,10,1500,64.6347,7,41B
86.7762,41.8984,0,-,2023850030,08,2023850030,0,0,9,10,1500,64.6347,9,41D
88.4695,42.7132,3,-,2023850030,09,2023850030,0,0,0,10,1500,65.8973,3,42A1
88.2562,42.5018,1,-,2023850030,10,2023850030,0,0,0,10,1500,65.7959,1,42A2
88.0954,42.0767,7,-,2023850030,11,2023850030,0,0,0,10,1500,65.8597,7,42A3
88.0954,42.0767,0,-,2023850030,12,2023850030,0,0,9,10,1500,65.8597,9,42D
99.8694,47.9506,14,-,2023850030,13,2023850030,0,0,0,10,2000,74.5296,14,47A1
98.4658,47.3363,19,-,2023850030,14,2023850030,0,0,0,10,2000,73.4507,19,47A2
99.1558,47.2430,7,-,2023850030,15,2023850030,0,0,0,10,2000,74.1901,7,47A3
100.4489,47.9438,6,-,2023850030,16,2023850030,0,0,0,10,2000,75.1127,6,47B3
100.4489,47.9438,0,-,2023850030,17,2023850030,0,0,9,10,2000,75.1127,9,47D
99.8694,47.9506,0,-,2023850030,18,2023850030,0,0,6,10,2000,74.5296,6,47D1
98.4658,47.3363,0,-,2023850030,19,2023850030,0,0,9,10,2000,73.4507,9,47D2
99.1558,47.2430,0,-,2023850030,20,2023850030,0,0,3,10,2000,74.1901,3,47D3
107.7446,51.8599,3,-,2023850030,21,2023850030,0,0,0,10,2000,80.3389,3,52A
107.7446,51.8599,0,-,2023850030,22,2023850030,0,0,13,10,2000,80.3389,13,52D
140.9957,74.7155,0,-,2023850028,01,2023850028,0,20,0,10,15200,98.2364,20,74A
148.3924,59.9860,0,-,2023850027,01,2023850027,1,3,0,30,45560,81.6244,4,59A-2
149.3581,59.9884,0,-,2023850027,02,2023850027,1,0,1,30,43350,82.5875,2,59B-2
187.3454,75.9614,1,-,2023850027,03,2023850027,0,0,0,30,61702,102.7959,1,75
209.5720,84.9832,16,-,2023850027,04,2023850027,0,0,0,30,77377,114.9806,16,84A
209.5149,84.9638,5,-,2023850027,05,2023850027,0,0,0,30,75762,114.9452,5,84B
208.4470,84.9922,31,-,2023850027,06,2023850027,0,0,0,30,76902,113.8456,31,84C
209.0984,84.9754,1,-,2023850027,07,2023850027,0,0,0,30,66547,114.5158,1,84T
121.9784,59.9536,0,-,2023850026,01,2023850026,11,33,10,10,17900,83.6704,54,59A
123.2580,59.9960,0,-,2023850026,02,2023850026,5,41,21,10,17800,84.9230,67,59B
121.7906,59.9449,0,-,2023850026,03,2023850026,5,27,27,10,17700,83.4882,59,59C
148.3305,75.2470,0,-,2023850026,04,2023850026,4,1,0,10,21000,100.2506,5,75
162.8704,84.7229,0,-,2023850026,05,2023850026,3,1,1,10,22900,108.7358,5,84
148.3924,59.9860,1,-,2023850025,01,2023850025,0,0,0,30,57570,81.6244,1,59A-1
148.3924,59.9860,0,-,2023850025,02,2023850025,2,4,0,30,45985,81.6244,6,59A-2
149.3581,59.9884,0,-,2023850025,03,2023850025,1,1,0,30,42287,82.5875,2,59B-2
187.3454,75.9614,3,-,2023850025,04,2023850025,0,0,0,30,61987,102.7959,3,75
209.5720,84.9832,16,-,2023850025,05,2023850025,0,0,0,30,77377,114.9806,16,84A
209.5149,84.9638,5,-,2023850025,06,2023850025,0,0,0,30,75762,114.9452,5,84B
208.4470,84.9922,30,-,2023850025,07,2023850025,0,0,0,30,76902,113.8456,30,84C
209.0984,84.9754,1,-,2023850025,08,2023850025,0,0,0,30,66547,114.5158,1,84T
90.9227,44.9800,0,-,2023850023,01,2023850023,0,0,20,10,500,59.3159,20,44A
91.0281,44.8800,0,-,2023850023,02,2023850023,0,0,10,10,500,59.4917,10,44B
122.5748,59.9500,0,-,2023850023,03,2023850023,0,0,11,10,500,80.4489,11,59
122.5748,59.9500,0,-,2023850023,04,2023850023,0,0,40,10,12000,80.4489,40,59-1
156.1887,76.8800,53,-,2023850023,05,2023850023,0,0,0,10,17000,102.1663,53,76
156.1887,76.8800,0,-,2023850023,06,2023850023,0,0,1,10,17000,102.1663,1,76-1
172.4025,84.9500,250,-,2023850023,07,2023850023,0,0,0,10,18000,112.7094,250,84A
172.6325,84.9500,9,-,2023850023,08,2023850023,0,0,0,10,18000,112.9394,9,84B
172.4025,84.9500,12,-,2023850023,09,2023850023,0,0,0,10,18000,112.7094,12,84C
140.9957,74.7155,0,-,2023850022,01,2023850022,0,54,0,10,15200,98.2364,54,74A
143.4133,74.9625,0,-,2023850022,02,2023850022,0,116,0,10,15200,100.5126,116,74B
159.4850,84.6875,0,-,2023850022,03,2023850022,0,50,0,10,16400,111.0188,50,84A
159.9813,84.9744,0,-,2023850022,04,2023850022,0,25,0,10,16400,111.3509,25,84B
160.2438,84.7913,0,-,2023850022,05,2023850022,0,23,0,10,16400,111.7181,23,84C
121.9784,59.9536,0,-,2023850021,01,2023850021,11,36,12,10,17900,83.6704,59,59A
123.2580,59.9960,0,-,2023850021,02,2023850021,5,41,26,10,17800,84.9230,72,59B
121.7906,59.9449,0,-,2023850021,03,2023850021,5,27,28,10,17700,83.4882,60,59C
148.3305,75.2470,0,-,2023850021,04,2023850021,4,0,5,10,21000,100.2506,9,75
162.8704,84.7229,0,-,2023850021,05,2023850021,3,0,4,10,22900,108.7358,7,84
55.3274,25.4877,0,-,2023850020,01,2023850020,0,0,30,10,2200,36.7139,30,25O
64.4778,29.7284,89,-,2023850020,02,2023850020,0,0,0,10,3300,42.7674,89,29O
122.6650,59.5821,19,-,2023850020,03,2023850020,0,0,0,10,6000,83.0177,19,59A
123.2079,59.5277,10,-,2023850020,04,2023850020,0,0,0,10,6000,83.5968,10,59B
127.2181,59.6274,119,-,2023850020,05,2023850020,0,0,0,10,6600,83.6727,119,59O
164.4988,76.9993,1,-,2023850020,06,2023850020,0,0,0,10,8600,108.2670,1,76O
167.2072,78.3205,2,-,2023850020,07,2023850020,0,0,0,10,8700,110.0105,2,78O
55.5473,25.4461,0,-,2023850019,01,2023850019,0,0,14,10,2200,38.0251,14,25A
55.5922,25.4877,0,-,2023850019,02,2023850019,0,0,14,10,2200,38.0413,14,25O
59.0250,29.9421,8,-,2023850019,03,2023850019,0,0,0,10,3000,41.5212,8,29A
64.7867,29.7284,0,-,2023850019,04,2023850019,0,0,32,10,2600,44.3157,32,29O
64.7867,29.7284,38,-,2023850019,05,2023850019,0,0,0,10,3300,44.3157,38,29O-1
115.0493,59.0347,16,-,2023850019,06,2023850019,0,0,0,10,6000,80.5383,16,59C
127.8376,59.6274,56,-,2023850019,07,2023850019,0,0,0,10,6600,86.7781,56,59O
121.9784,59.9536,0,-,2023850018,01,2023850018,12,44,13,10,17900,83.6704,69,59A
123.2580,59.9960,0,-,2023850018,02,2023850018,5,41,26,10,17800,84.9230,72,59B
121.7906,59.9449,0,-,2023850018,03,2023850018,5,27,27,10,17700,83.4882,59,59C
148.3305,75.2470,0,-,2023850018,04,2023850018,4,1,7,10,21000,100.2506,12,75
162.8704,84.7229,0,-,2023850018,05,2023850018,4,0,0,10,22900,108.7358,4,84
148.3924,59.9860,1,-,2023850017,01,2023850017,0,0,0,30,57570,81.6244,1,59A-1
148.3924,59.9860,0,-,2023850017,02,2023850017,2,5,0,30,45985,81.6244,7,59A-2
149.3581,59.9884,0,-,2023850017,03,2023850017,1,1,1,30,43350,82.5875,3,59B-2
187.3454,75.9614,3,-,2023850017,04,2023850017,0,0,0,30,61987,102.7959,3,75
209.5720,84.9832,20,-,2023850017,05,2023850017,0,0,0,30,77377,114.9806,20,84A
209.5149,84.9638,5,-,2023850017,06,2023850017,0,0,0,30,75762,114.9452,5,84B
208.4470,84.9922,32,-,2023850017,07,2023850017,0,0,0,30,76902,113.8456,32,84C
209.0984,84.9754,1,-,2023850017,08,2023850017,0,0,0,30,66547,114.5158,1,84T
171.6834,75.4834,0,-,2023850016,01,2023850016,0,75,0,10,10800,119.3352,75,75A
171.1878,75.0604,0,-,2023850016,02,2023850016,0,0,25,10,10700,119.1330,25,75B
195.1204,84.9935,0,-,2023850016,03,2023850016,0,28,0,10,12000,136.1769,28,84A
195.1204,84.9935,44,-,2023850016,04,2023850016,0,0,0,10,15200,136.1769,44,84A-1
192.8573,84.8348,72,-,2023850016,05,2023850016,0,0,0,10,15200,134.0239,72,84B
192.1715,84.9894,72,-,2023850016,06,2023850016,0,0,0,10,15200,133.2308,72,84C
194.2932,84.9986,70,-,2023850016,07,2023850016,0,0,0,10,15300,135.3461,70,84D
148.3924,59.9860,0,-,2023850015,01,2023850015,1,5,2,30,46197,81.6244,8,59A-2
149.3581,59.9884,0,-,2023850015,02,2023850015,1,1,1,30,43350,82.5875,3,59B-2
187.3454,75.9614,2,-,2023850015,03,2023850015,0,0,0,30,61940,102.7959,2,75
209.5720,84.9832,8,-,2023850015,04,2023850015,0,0,0,30,73482,114.9806,8,84A
209.5149,84.9638,4,-,2023850015,05,2023850015,0,0,0,30,67355,114.9452,4,84B
208.4470,84.9922,28,-,2023850015,06,2023850015,0,0,0,30,75050,113.8456,28,84C
209.0984,84.9754,1,-,2023850015,07,2023850015,0,0,0,30,66547,114.5158,1,84T
121.9784,59.9536,0,-,2023850014,01,2023850014,12,48,15,10,17900,83.6704,75,59A
123.2580,59.9960,0,-,2023850014,02,2023850014,5,41,27,10,17800,84.9230,73,59B
121.7906,59.9449,0,-,2023850014,03,2023850014,5,27,28,10,17700,83.4882,60,59C
148.3305,75.2470,0,-,2023850014,04,2023850014,4,1,15,10,21000,100.2506,20,75
162.8704,84.7229,0,-,2023850014,05,2023850014,4,0,0,10,22900,108.7358,4,84
148.3924,59.9860,0,-,2023850013,01,2023850013,2,9,1,30,46410,81.6244,12,59A-2
149.3581,59.9884,0,-,2023850013,02,2023850013,2,1,0,30,43350,82.5875,3,59B-2
187.3454,75.9614,2,-,2023850013,03,2023850013,0,0,0,30,69730,102.7959,2,75
209.5720,84.9832,8,-,2023850013,04,2023850013,0,0,0,30,66642,114.9806,8,84A
209.5149,84.9638,4,-,2023850013,05,2023850013,0,0,0,30,67355,114.9452,4,84B
208.4470,84.9922,30,-,2023850013,06,2023850013,0,0,0,30,69397,113.8456,30,84C
209.0984,84.9754,1,-,2023850013,07,2023850013,0,0,0,30,66547,114.5158,1,84T
121.9784,59.9536,0,-,2023850012,01,2023850012,12,45,21,10,17900,83.6704,78,59A
123.2580,59.9960,0,-,2023850012,02,2023850012,5,41,33,10,17800,84.9230,79,59B
121.7906,59.9449,0,-,2023850012,03,2023850012,5,27,29,10,17700,83.4882,61,59C
148.3305,75.2470,0,-,2023850012,04,2023850012,4,1,16,10,21000,100.2506,21,75
162.8704,84.7229,0,-,2023850012,05,2023850012,4,0,2,10,22900,108.7358,6,84
39.9778,20.0111,18,-,2023850011,01,2023850011,0,0,0,10,500,33.6142,18,20B
45.5924,23.6542,4,-,2023850011,02,2023850011,0,0,0,10,500,38.0702,4,23A3
46.0589,23.5875,18,-,2023850011,03,2023850011,0,0,0,10,500,38.5579,18,23B
46.1002,23.7568,18,-,2023850011,04,2023850011,0,0,0,10,500,38.5454,18,23C
57.3932,29.9675,14,-,2023850011,05,2023850011,0,0,0,10,1000,47.8634,14,29A1
56.6475,29.0682,56,-,2023850011,06,2023850011,0,0,0,10,1000,47.4037,56,29A3
79.8394,41.8508,10,-,2023850011,07,2023850011,0,0,0,10,1500,66.5307,10,41A
79.8394,41.8508,0,-,2023850011,08,2023850011,0,0,8,10,1500,66.5307,8,41D
81.4129,42.1223,10,-,2023850011,09,2023850011,0,0,0,10,1500,68.0177,10,42A4
80.6840,42.2022,6,-,2023850011,10,2023850011,0,0,0,10,1500,67.2634,6,42A5
81.4129,42.1223,0,-,2023850011,11,2023850011,0,0,22,10,1500,68.0177,22,42D4
80.6840,42.2022,0,-,2023850011,12,2023850011,0,0,11,10,1500,67.2634,11,42D5
91.2457,47.9479,4,-,2023850011,13,2023850011,0,0,0,10,1500,75.9982,4,47A6
91.1669,47.8525,4,-,2023850011,14,2023850011,0,0,0,10,1500,75.9495,4,47A7
91.0184,47.6622,2,-,2023850011,15,2023850011,0,0,0,10,1500,75.8615,2,47C
148.3924,59.9860,0,-,2023850010,01,2023850010,3,9,2,30,46410,81.6244,14,59A-2
149.3581,59.9884,0,-,2023850010,02,2023850010,2,1,0,30,43350,82.5875,3,59B-2
187.3454,75.9614,2,-,2023850010,03,2023850010,0,0,0,30,69730,102.7959,2,75
209.5720,84.9832,10,-,2023850010,04,2023850010,0,0,0,30,73150,114.9806,10,84A
209.5149,84.9638,4,-,2023850010,05,2023850010,0,0,0,30,67355,114.9452,4,84B
208.4470,84.9922,30,-,2023850010,06,2023850010,0,0,0,30,69397,113.8456,30,84C
209.0984,84.9754,1,-,2023850010,07,2023850010,0,0,0,30,66547,114.5158,1,84T
121.9784,59.9536,0,-,2023850009,01,2023850009,11,46,27,10,17900,83.6704,84,59A
123.2580,59.9960,0,-,2023850009,02,2023850009,5,40,33,10,17800,84.9230,78,59B
121.7906,59.9449,0,-,2023850009,03,2023850009,5,27,28,10,17700,83.4882,60,59C
148.3305,75.2470,0,-,2023850009,04,2023850009,4,2,15,10,21000,100.2506,21,75
162.8704,84.7229,0,-,2023850009,05,2023850009,4,0,11,10,22900,108.7358,15,84
121.9784,59.9536,0,-,2023850008,01,2023850008,11,50,36,10,17900,83.6704,97,59A
123.2580,59.9960,0,-,2023850008,02,2023850008,5,40,38,10,17800,84.9230,83,59B
121.7906,59.9449,0,-,2023850008,03,2023850008,5,27,27,10,17700,83.4882,59,59C
148.3305,75.2470,0,-,2023850008,04,2023850008,4,4,15,10,21000,100.2506,23,75
162.8704,84.7229,0,-,2023850008,05,2023850008,4,1,12,10,22900,108.7358,17,84
123.8205,59.3430,279,-,2023850007,01,2023850007,0,0,0,10,16600,80.7550,279,59A
124.0482,59.0900,0,-,2023850007,02,2023850007,0,85,0,10,16600,81.1664,85,59B
124.4780,59.4915,67,-,2023850007,03,2023850007,0,0,0,10,16600,81.3047,67,59C
149.5412,72.1324,96,-,2023850007,04,2023850007,0,0,0,10,18900,97.1945,96,72A
150.7264,72.3366,106,-,2023850007,05,2023850007,0,0,0,10,18900,98.2314,106,72B
173.5047,84.1112,50,-,2023850007,06,2023850007,0,0,0,10,20400,112.4648,50,84A
148.3924,59.9860,0,-,2023850006,01,2023850006,1,8,2,30,46410,81.6244,11,59A-2
149.3581,59.9884,0,-,2023850006,02,2023850006,1,2,1,30,43350,82.5875,4,59B-2
187.3454,75.9614,2,-,2023850006,03,2023850006,0,0,0,30,69730,102.7959,2,75
209.5720,84.9832,10,-,2023850006,04,2023850006,0,0,0,30,73150,114.9806,10,84A
209.5149,84.9638,4,-,2023850006,05,2023850006,0,0,0,30,67355,114.9452,4,84B
208.4470,84.9922,40,-,2023850006,06,2023850006,0,0,0,30,69397,113.8456,40,84C
209.0984,84.9754,1,-,2023850006,07,2023850006,0,0,0,30,66547,114.5158,1,84T
89.2504,84.9790,28,-,2023850005,01,2023850005,1,4,2,10,31800,84.9790,35,84A
89.2543,84.9827,26,-,2023850005,02,2023850005,1,3,2,10,31800,84.9827,32,84B
98.2275,84.9936,99,-,2023850005,03,2023850005,5,13,7,10,31800,93.9554,124,84C
97.3176,84.9735,22,-,2023850005,04,2023850005,1,2,2,10,31800,93.0464,27,84D
151.1823,84.9226,30,-,2023850005,05,2023850005,2,4,2,10,31800,100.4347,38,84E
152.6991,84.9594,60,-,2023850005,06,2023850005,2,10,4,10,31800,101.9295,76,84F
148.3924,59.9860,0,-,2023850004,01,2023850004,2,9,2,30,46410,81.6244,13,59A-2
149.3581,59.9884,0,-,2023850004,02,2023850004,2,2,1,30,43350,82.5875,5,59B-2
187.3454,75.9614,2,-,2023850004,03,2023850004,0,0,0,30,69730,102.7959,2,75
209.5720,84.9832,13,-,2023850004,04,2023850004,0,0,0,30,73150,114.9806,13,84A
209.5149,84.9638,4,-,2023850004,05,2023850004,0,0,0,30,67355,114.9452,4,84B
208.4470,84.9922,43,-,2023850004,06,2023850004,0,0,0,30,69397,113.8456,43,84C
121.9784,59.9536,0,-,2023850003,01,2023850003,11,54,47,10,17900,83.6704,112,59A
123.2580,59.9960,0,-,2023850003,02,2023850003,5,43,40,10,17800,84.9230,88,59B
121.7906,59.9449,0,-,2023850003,03,2023850003,5,27,30,10,17700,83.4882,62,59C
148.3305,75.2470,0,-,2023850003,04,2023850003,4,14,20,10,21000,100.2506,38,75
162.8704,84.7229,0,-,2023850003,05,2023850003,5,2,20,10,22900,108.7358,27,84
112.5450,59.8228,0,-,2023850002,01,2023850002,0,0,61,10,11134,79.9721,61,59A
112.9115,59.5349,0,-,2023850002,02,2023850002,0,0,32,10,11134,80.4953,32,59B
187.3454,75.9614,2,-,2023850001,01,2023850001,0,0,0,30,69730,102.7959,2,75
209.5720,84.9832,14,-,2023850001,02,2023850001,0,0,0,30,73150,114.9806,14,84A
209.5149,84.9638,4,-,2023850001,03,2023850001,0,0,0,30,67355,114.9452,4,84B
208.4470,84.9922,51,-,2023850001,04,2023850001,0,0,0,30,69397,113.8456,51,84C
148.3924,59.9860,0,-,2023850001,05,2023850001,3,10,5,30,46410,81.6244,18,59A-2
149.3581,59.9884,0,-,2023850001,06,2023850001,2,2,1,30,43350,82.5875,5,59B-2
121.9784,59.9536,0,-,2022850029,01,2022850029,17,94,125,10,17900,83.6704,236,59A
123.2580,59.9960,0,-,2022850029,02,2022850029,8,46,62,10,17800,84.9230,116,59B
121.7906,59.9449,0,-,2022850029,03,2022850029,5,28,38,10,17700,83.4882,71,59C
148.3305,75.2470,0,-,2022850029,04,2022850029,5,26,35,10,21000,100.2506,66,75
162.8704,84.7229,0,-,2022850029,05,2022850029,7,40,52,10,22900,108.7358,99,84
148.3305,75.2470,20,-,2022850029,06,2022850029,0,0,0,10,21000,100.2506,20,75-1
187.3454,75.9614,2,-,2022850028,01,2022850028,0,0,0,30,61987,102.7959,2,75
209.5720,84.9832,10,-,2022850028,02,2022850028,0,0,0,30,68732,114.9806,10,84A
209.5149,84.9638,4,-,2022850028,03,2022850028,0,0,0,30,67355,114.9452,4,84B
208.4470,84.9922,52,-,2022850028,04,2022850028,0,0,0,30,69397,113.8456,52,84C
148.3924,59.9860,0,-,2022850028,05,2022850028,3,4,2,30,46197,81.6244,9,59A-2
149.3581,59.9884,0,-,2022850028,06,2022850028,0,2,1,30,43350,82.5875,3,59B-2
165.6536,84.9881,0,-,2022850026,01,2022850026,0,0,6,10,10000,110.6900,6,84A
165.6536,84.9881,0,-,2022850026,02,2022850026,0,93,0,10,10000,110.6900,93,84C
165.6536,84.9881,0,-,2022850026,03,2022850026,0,0,17,10,10000,110.6900,17,84F
187.3454,75.9614,2,-,2022850024,01,2022850024,0,0,0,30,69730,102.7959,2,75
209.5720,84.9832,9,-,2022850024,02,2022850024,0,0,0,30,68732,114.9806,9,84A
209.5149,84.9638,3,-,2022850024,03,2022850024,0,0,0,30,67022,114.9452,3,84B
208.4470,84.9922,53,-,2022850024,04,2022850024,0,0,0,30,69397,113.8456,53,84C
149.3581,59.9884,2,-,2022850024,05,2022850024,0,0,0,30,54530,82.5875,2,59B-1
148.3924,59.9860,0,-,2022850024,06,2022850024,2,0,3,30,45560,81.6244,5,59A-2
149.3581,59.9884,0,-,2022850024,07,2022850024,0,1,0,30,42287,82.5875,1,59B-2
187.3454,75.9614,2,-,2022850023,01,2022850023,0,0,0,30,61987,102.7959,2,75
209.5720,84.9832,10,-,2022850023,02,2022850023,0,0,0,30,68732,114.9806,10,84A
209.5149,84.9638,3,-,2022850023,03,2022850023,0,0,0,30,67022,114.9452,3,84B
208.4470,84.9922,57,-,2022850023,04,2022850023,0,0,0,30,76570,113.8456,57,84C
148.3924,59.9860,1,-,2022850023,05,2022850023,0,0,0,30,51632,81.6244,1,59A-1
149.3581,59.9884,2,-,2022850023,06,2022850023,0,0,0,30,54530,82.5875,2,59B-1
148.3924,59.9860,0,-,2022850023,07,2022850023,1,7,4,30,46410,81.6244,12,59A-2
149.3581,59.9884,0,-,2022850023,08,2022850023,0,1,1,30,42287,82.5875,2,59B-2
140.9957,74.7155,53,-,2022850022,01,2022850022,0,0,0,10,22300,98.2364,53,74C
143.4133,74.9625,0,-,2022850022,02,2022850022,0,114,0,10,19800,100.5126,114,74D
143.4133,74.9625,205,-,2022850022,03,2022850022,0,0,0,10,22300,100.5126,205,74E
159.4850,84.6875,138,-,2022850022,04,2022850022,0,0,0,10,24000,111.0188,138,84D
159.9813,84.9744,132,-,2022850022,05,2022850022,0,0,0,10,24000,111.3509,132,84E
127.1708,64.7390,0,-,2022850021,01,2022850021,0,74,0,10,14700,84.2713,74,64A
146.9048,74.7979,86,-,2022850021,02,2022850021,0,0,0,10,17300,97.3397,86,74A
147.8303,74.5017,60,-,2022850021,03,2022850021,0,0,0,10,17300,98.4614,60,74B
166.4203,84.9959,136,-,2022850021,04,2022850021,0,0,0,10,19400,110.0975,136,84A
167.5592,84.9943,30,-,2022850021,05,2022850021,0,0,0,10,19400,111.2374,30,84B
41.2769,22.9490,19,-,2022850020,01,2022850020,0,0,0,10,500,37.7183,19,22A
50.4973,26.3276,1,-,2022850020,02,2022850020,0,0,0,10,1000,46.4147,1,26A
61.6684,32.3647,18,-,2022850020,03,2022850020,0,0,0,10,1000,56.6496,18,32A
71.1762,38.1642,18,-,2022850020,04,2022850020,0,0,0,10,1500,65.2581,18,38A
82.8566,46.2690,12,-,2022850020,05,2022850020,0,0,0,10,1500,75.6817,12,46B1
82.8987,46.4365,12,-,2022850020,06,2022850020,0,0,0,10,1500,75.6978,12,46B2
82.8566,46.2690,0,-,2022850020,07,2022850020,0,0,7,10,1500,75.6817,7,46B7
82.8987,46.4365,0,-,2022850020,08,2022850020,0,0,6,10,1500,75.6978,6,46B8
83.5220,47.7237,24,-,2022850020,09,2022850020,0,0,0,10,1500,76.1216,24,47A4
83.3364,47.4638,0,-,2022850020,10,2022850020,0,1,0,10,1500,75.9762,1,47A5
83.5220,47.7237,0,-,2022850020,11,2022850020,0,13,0,10,1500,76.1216,13,47A6
187.3454,75.9614,2,-,2022850019,01,2022850019,0,0,0,30,61987,102.7959,2,75
209.5720,84.9832,16,-,2022850019,02,2022850019,0,0,0,30,68732,114.9806,16,84A
209.5149,84.9638,6,-,2022850019,03,2022850019,0,0,0,30,67355,114.9452,6,84B
208.4470,84.9922,58,-,2022850019,04,2022850019,0,0,0,30,76902,113.8456,58,84C
187.3454,75.9614,2,-,2022850018,01,2022850018,0,0,0,30,61987,102.7959,2,75
209.5720,84.9832,19,-,2022850018,02,2022850018,0,0,0,30,68732,114.9806,19,84A
209.5149,84.9638,6,-,2022850018,03,2022850018,0,0,0,30,67355,114.9452,6,84B
208.4470,84.9922,61,-,2022850018,04,2022850018,0,0,0,30,76902,113.8456,61,84C
179.5735,84.9962,94,-,2022850016,01,2022850016,0,0,0,10,42800,107.3455,94,84A
179.5735,84.9962,0,-,2022850016,02,2022850016,11,18,18,10,36800,107.3455,47,84B
211.0345,99.9961,22,-,2022850016,03,2022850016,0,0,0,10,47500,126.0600,22,99
225.9353,107.7254,46,-,2022850016,04,2022850016,0,0,0,10,46900,134.3925,46,107A
225.9485,107.1733,11,-,2022850016,05,2022850016,0,0,0,10,46900,134.8749,11,107B
238.2645,113.2533,11,-,2022850016,06,2022850016,0,0,0,10,47400,142.0243,11,113
265.8963,126.8045,5,-,2022850016,07,2022850016,0,0,0,10,52200,158.1406,5,126T
142.6040,79.9202,99,-,2022850015,01,2022850015,0,0,0,10,12100,103.9910,99,79A
142.6040,79.9202,0,-,2022850015,02,2022850015,0,35,0,10,10200,103.9910,35,79B
142.4764,79.8488,0,-,2022850015,03,2022850015,0,0,1,10,10200,103.8980,1,79E
141.7718,79.4539,0,-,2022850015,04,2022850015,0,0,1,10,10200,103.3842,1,79F
141.7545,79.4442,0,-,2022850015,05,2022850015,0,0,1,10,10200,103.3715,1,79G
141.9086,79.5306,0,-,2022850015,06,2022850015,0,0,1,10,10200,103.4839,1,79H
151.4397,84.8722,295,-,2022850015,07,2022850015,0,0,0,10,12760,110.4343,295,84A
151.1359,84.7016,95,-,2022850015,08,2022850015,0,0,0,10,12760,110.2126,95,84B
151.4397,84.8722,0,-,2022850015,09,2022850015,0,35,0,10,10800,110.4343,35,84C
151.1359,84.7016,0,-,2022850015,10,2022850015,0,33,0,10,10800,110.2126,33,84D
151.4657,84.8864,0,-,2022850015,11,2022850015,0,35,0,10,10800,110.4531,35,84E
151.2678,84.7755,0,-,2022850015,12,2022850015,0,34,0,10,10800,110.3087,34,84F
153.3569,74.7589,0,-,2022850014,01,2022850014,0,0,45,10,7000,97.5434,45,74A
153.3569,74.7589,56,-,2022850014,02,2022850014,0,0,0,10,7000,97.5434,56,74B
153.3569,74.7589,12,-,2022850014,03,2022850014,0,0,0,10,7000,97.5434,12,74C
153.3569,74.7589,6,-,2022850014,04,2022850014,0,0,0,10,7000,97.5434,6,74D
153.3569,74.7589,4,-,2022850014,05,2022850014,0,0,0,10,7000,97.5434,4,74E
153.3569,74.7589,2,-,2022850014,06,2022850014,0,0,0,10,7000,97.5434,2,74F
153.3464,74.3891,15,-,2022850014,07,2022850014,0,0,0,10,7000,97.8089,15,74G
172.0528,84.1668,69,-,2022850014,08,2022850014,0,0,0,10,7800,109.2155,69,84A
172.0528,84.1668,28,-,2022850014,09,2022850014,0,0,0,10,7800,109.2155,28,84B
172.0528,84.1668,8,-,2022850014,10,2022850014,0,0,0,10,7800,109.2155,8,84C
172.0528,84.1668,4,-,2022850014,11,2022850014,0,0,0,10,7800,109.2155,4,84D
173.8605,84.8139,12,-,2022850014,12,2022850014,0,0,0,10,7900,110.5402,12,84E
175.0871,84.7984,15,-,2022850014,13,2022850014,0,0,0,10,7900,111.7783,15,84F
175.0871,84.7984,10,-,2022850014,14,2022850014,0,0,0,10,7900,111.7783,10,84G
174.4062,84.9402,3,-,2022850014,15,2022850014,0,0,0,10,7900,110.9915,3,84H
153.3569,74.7589,37,-,2022850014,16,2022850014,0,0,0,10,7000,97.5434,37,74A-1
124.5233,59.6472,0,-,2022850013,01,2022850013,0,0,49,10,6400,80.0944,49,59A
124.5233,59.6472,0,-,2022850013,02,2022850013,0,0,2,10,6400,80.0944,2,59B
123.4988,59.6933,0,-,2022850013,03,2022850013,0,0,6,10,6500,79.0355,6,59C
123.4988,59.6933,0,-,2022850013,04,2022850013,0,0,10,10,6500,79.0355,10,59D
123.4988,59.6933,0,-,2022850013,05,2022850013,0,0,4,10,6500,79.0355,4,59E
123.4988,59.6933,0,-,2022850013,06,2022850013,0,0,4,10,6500,79.0355,4,59F
124.4563,59.9569,0,-,2022850013,07,2022850013,0,0,3,10,6500,79.7967,3,59G
124.4563,59.9569,0,-,2022850013,08,2022850013,0,0,12,10,500,79.7966,12,59H
125.5488,59.7920,0,-,2022850013,09,2022850013,0,0,3,10,500,81.0120,3,59I
126.1410,59.7507,0,-,2022850013,10,2022850013,0,0,13,10,500,81.6350,13,59J
123.4231,59.0543,0,-,2022850013,11,2022850013,0,0,13,10,500,79.4358,13,59K
125.7811,59.1876,0,-,2022850013,12,2022850013,0,0,4,10,500,81.6945,4,59L
174.9785,84.6293,25,-,2022850013,13,2022850013,0,0,0,10,7700,111.9415,25,84A
174.9785,84.6293,32,-,2022850013,14,2022850013,0,0,0,10,7700,111.9415,32,84B
174.9785,84.6293,8,-,2022850013,15,2022850013,0,0,0,10,7700,111.9415,8,84C
177.2281,84.7910,11,-,2022850013,16,2022850013,0,0,0,10,7700,114.0706,11,84D
177.2281,84.7910,2,-,2022850013,17,2022850013,0,0,0,10,7700,114.0706,2,84E
124.4563,59.9569,0,-,2022850013,18,2022850013,0,0,9,10,500,79.7967,9,59G-1
187.3454,75.9614,3,-,2022850012,01,2022850012,0,0,0,30,61987,102.7959,3,75
209.5720,84.9832,26,-,2022850012,02,2022850012,0,0,0,30,68732,114.9806,26,84A
209.5149,84.9638,6,-,2022850012,03,2022850012,0,0,0,30,67355,114.9452,6,84B
208.4470,84.9922,69,-,2022850012,04,2022850012,0,0,0,30,76902,113.8456,69,84C
96.8838,44.9796,10,-,2022850011,01,2022850011,0,1,1,10,18800,66.6001,12,44
123.8967,59.9986,101,-,2022850011,02,2022850011,0,13,13,10,25100,83.5011,127,59B
97.0246,84.8146,30,-,2022850010,01,2022850010,2,4,2,10,30000,93.6266,38,84A
96.6262,84.9704,32,-,2022850010,02,2022850010,2,4,2,10,30000,93.2220,40,84B
90.3979,84.9460,6,-,2022850009,01,2022850009,0,1,0,10,25000,84.9460,7,84B
90.3609,84.9112,22,-,2022850009,02,2022850009,1,3,2,10,25000,84.9112,28,84C
90.2712,84.8269,6,-,2022850009,03,2022850009,1,1,0,10,25000,84.8269,8,84A-1
90.2712,84.8269,17,-,2022850009,04,2022850009,1,2,1,10,25000,84.8269,21,84A-2
187.3454,75.9614,3,-,2022850008,01,2022850008,0,0,0,30,69730,102.7959,3,75
209.5720,84.9832,58,-,2022850008,02,2022850008,0,0,0,30,77377,114.9806,58,84A
209.5149,84.9638,13,-,2022850008,03,2022850008,0,0,0,30,75762,114.9452,13,84B
208.4470,84.9922,137,-,2022850008,04,2022850008,0,0,0,30,76902,113.8456,137,84C
209.0984,84.9754,2,-,2022850008,05,2022850008,0,0,0,30,66547,114.5158,2,84T
148.3924,59.9860,4,-,2022850008,06,2022850008,0,0,0,30,57570,81.6244,4,59A-1
149.3581,59.9884,2,-,2022850008,07,2022850008,0,0,0,30,54530,82.5875,2,59B-1
148.3924,59.9860,0,-,2022850008,08,2022850008,3,13,12,30,46410,81.6244,28,59A-2
149.3581,59.9884,0,-,2022850008,09,2022850008,1,4,3,30,43350,82.5875,8,59B-2
136.7473,59.5680,549,-,2022850007,01,2022850007,0,0,0,10,20400,82.0290,549,59A
137.2660,59.8915,68,-,2022850007,02,2022850007,24,93,39,10,19450,82.2505,224,59B
170.3817,84.5287,0,-,2022850005,01,2022850005,0,34,0,10,21340,108.5377,34,84A-1
170.2328,84.5287,0,-,2022850005,02,2022850005,0,3,0,10,21340,108.3888,3,84B-1
170.6881,84.8771,0,-,2022850005,03,2022850005,0,5,0,10,21340,108.5892,5,84C-1
170.4384,84.5032,0,-,2022850005,04,2022850005,0,3,0,10,21340,108.6131,3,84D-1
170.3817,84.5287,0,-,2022850005,05,2022850005,0,0,41,10,21340,108.5377,41,84A-2
170.2328,84.5287,0,-,2022850005,06,2022850005,0,0,3,10,21340,108.3888,3,84B-2
170.6881,84.8771,0,-,2022850005,07,2022850005,0,0,5,10,21340,108.5892,5,84C-2
170.4384,84.5032,0,-,2022850005,08,2022850005,0,0,3,10,21340,108.6131,3,84D-2
170.3817,84.5287,206,-,2022850005,09,2022850005,0,0,0,10,23850,108.5377,206,84A-3
170.2328,84.5287,3,-,2022850005,10,2022850005,0,0,0,10,23850,108.3888,3,84B-3
170.6881,84.8771,25,-,2022850005,11,2022850005,0,0,0,10,23850,108.5892,25,84C-3
170.4384,84.5032,9,-,2022850005,12,2022850005,0,0,0,10,23850,108.6131,9,84D-3
140.9211,69.9943,0,-,2022850002,01,2022850002,0,27,10,10,18280,93.6659,37,69A
140.9233,69.9757,0,-,2022850002,02,2022850002,0,28,10,10,18280,93.6806,38,69B
140.9211,69.9943,15,-,2022850002,03,2022850002,0,0,0,10,18570,93.6659,15,69A-1
140.9233,69.9757,18,-,2022850002,04,2022850002,0,0,0,10,18570,93.6806,18,69B-1
159.7954,79.9947,121,-,2022850002,05,2022850002,0,0,0,10,20500,105.7886,121,79A-1
161.1009,79.9396,23,-,2022850002,06,2022850002,0,0,0,10,20500,107.1313,23,79B-1
49.6279,18.7080,0,-,2022850001,01,2022850001,0,0,12,10,5000,37.9218,12,18
91.6980,35.3029,0,-,2022850001,02,2022850001,0,0,7,10,7000,69.6080,7,35
124.4137,59.8032,838,-,2022850001,03,2022850001,0,0,0,10,14500,87.0972,838,59A
124.9103,59.5385,178,-,2022850001,04,2022850001,0,0,0,10,14500,87.7589,178,59B
125.9397,59.8168,8,-,2022850001,05,2022850001,0,0,0,10,14500,88.6146,8,59C
124.2589,59.5381,31,-,2022850001,06,2022850001,0,0,0,10,14500,87.1077,31,59D
124.4137,59.8032,0,-,2022850001,07,2022850001,118,86,0,10,13000,87.0972,204,59E
124.9103,59.5385,0,-,2022850001,08,2022850001,132,117,0,10,13000,87.7589,249,59F
125.9397,59.8168,0,-,2022850001,09,2022850001,13,10,0,10,13000,88.6146,23,59G
124.2589,59.5381,0,-,2022850001,10,2022850001,15,13,0,10,13000,87.1077,28,59H
143.9552,69.2824,230,-,2022850001,11,2022850001,0,0,0,10,16500,100.7318,230,69A
144.4440,69.4834,470,-,2022850001,12,2022850001,0,0,0,10,16500,101.0953,470,69B
145.3634,69.3321,304,-,2022850001,13,2022850001,0,0,0,10,16500,102.1090,304,69C
167.0814,84.5552,2,-,2022850001,14,2022850001,0,0,0,10,20000,114.4111,2,84A
167.0497,84.1614,11,-,2022850001,15,2022850001,0,0,0,10,20000,114.6248,11,84B
168.8890,84.5552,2,-,2022850001,16,2022850001,0,0,0,10,20000,116.2187,2,84C
122.8176,59.9887,0,-,2021850014,01,2021850014,0,88,133,10,17677,80.6595,221,59
171.2618,84.9629,551,-,2021850014,02,2021850014,0,0,0,10,27399,111.5526,551,84A
171.5796,84.9884,40,-,2021850014,03,2021850014,0,0,0,10,27497,111.8525,40,84B
171.5796,84.9884,0,-,2021850014,04,2021850014,0,32,22,10,24602,111.8525,54,84C
255.7383,138.3478,62,-,2021850013,01,2021850013,0,0,0,10,85000,170.4981,62,138A
255.7383,138.3478,4,-,2021850013,02,2021850013,0,0,0,10,85000,170.4981,4,138B
276.0009,148.4046,29,-,2021850013,03,2021850013,0,0,0,10,83200,184.5644,29,148A
276.0009,148.4046,4,-,2021850013,04,2021850013,0,0,0,10,83200,184.5644,4,148B
146.2526,74.2500,0,-,2021850012,01,2021850012,0,127,0,10,10500,98.2335,127,74A
146.2526,74.2500,41,-,2021850012,02,2021850012,0,0,0,10,11900,98.2335,41,74B
165.6536,84.9881,214,-,2021850012,03,2021850012,0,0,0,10,12500,110.6900,214,84C
167.3241,84.9637,98,-,2021850012,04,2021850012,0,0,0,10,12500,112.3763,98,84D
166.0895,84.9854,26,-,2021850012,05,2021850012,0,0,0,10,12500,111.1276,26,84E
139.5034,74.9833,0,-,2021850011,01,2021850011,0,20,8,10,15900,97.4344,28,74A-1
139.6776,74.9661,0,-,2021850011,02,2021850011,0,13,5,10,15900,97.6183,18,74B-1
139.5034,74.9833,111,-,2021850011,03,2021850011,0,0,0,10,15900,97.4344,111,74A-2
139.6776,74.9661,74,-,2021850011,04,2021850011,0,0,0,10,15900,97.6183,74,74B-2
157.6077,84.9923,0,-,2021850011,05,2021850011,0,73,30,10,17600,109.9239,103,84A-1
158.5897,84.9723,0,-,2021850011,06,2021850011,0,18,7,10,17600,110.9170,25,84B-1
157.8155,84.9919,0,-,2021850011,07,2021850011,0,3,1,10,17600,110.1319,4,84C-1
157.6077,84.9923,410,-,2021850011,08,2021850011,0,0,0,10,17600,109.9239,410,84A-2
158.5897,84.9723,99,-,2021850011,09,2021850011,0,0,0,10,17600,110.9170,99,84B-2
157.8155,84.9919,15,-,2021850011,10,2021850011,0,0,0,10,17600,110.1319,15,84C-2
36.9552,20.1860,0,-,2021850010,01,2021850010,0,0,10,10,500,33.9205,10,20A
75.1835,41.5090,14,-,2021850010,02,2021850010,0,0,0,10,1000,68.9432,14,41C
76.9249,42.3765,0,-,2021850010,03,2021850010,0,10,0,10,1000,70.5541,10,42A
36.9552,20.1860,3,-,2021850010,04,2021850010,0,0,0,10,500,33.9205,3,20A1
36.9660,20.2007,14,-,2021850010,05,2021850010,0,0,0,10,500,33.9291,14,20A2
76.9249,42.3765,17,-,2021850010,06,2021850010,0,0,0,10,1000,70.5541,17,42A6
86.6343,47.9737,14,-,2021850010,07,2021850010,0,0,0,10,1000,79.4220,14,47A8
86.5670,47.8820,14,-,2021850010,08,2021850010,0,0,0,10,1000,79.3685,14,47A9
126.7525,69.7799,109,-,2021850008,01,2021850008,0,0,0,10,23000,90.2486,109,69E
126.7525,69.7799,0,-,2021850008,02,2021850008,0,14,14,10,23000,90.2486,28,69T
153.8825,84.7154,141,-,2021850008,03,2021850008,0,0,0,10,24000,109.5652,141,84AE
153.9836,84.7712,13,-,2021850008,04,2021850008,0,0,0,10,24000,109.6373,13,84BE
153.8825,84.7154,0,-,2021850008,05,2021850008,0,18,18,10,24000,109.5652,36,84AT
153.9836,84.7712,0,-,2021850008,06,2021850008,0,2,2,10,24000,109.6373,4,84BT
130.6181,59.9168,0,-,2021850007,01,2021850007,12,99,13,10,19352,88.5763,124,59
177.0950,84.9769,268,-,2021850007,02,2021850007,0,0,0,10,31388,117.4693,268,84A
177.9950,84.9899,113,-,2021850007,03,2021850007,0,0,0,10,31388,118.3600,113,84B
177.0950,84.9769,0,-,2021850007,04,2021850007,4,32,4,10,27528,117.4693,40,84F
125.9521,59.9168,0,-,2021850006,01,2021850006,16,132,18,10,19352,86.3060,166,59
172.8552,84.9769,581,-,2021850006,02,2021850006,0,0,0,10,31388,116.6272,581,84A
173.7546,84.9899,291,-,2021850006,03,2021850006,0,0,0,10,31388,117.5178,291,84B
172.8552,84.9769,0,-,2021850006,04,2021850006,20,166,22,10,27528,116.6272,208,84F
116.8452,59.9881,136,-,2021850005,01,2021850005,0,0,0,10,16100,81.8716,136,59A
117.6051,59.9710,24,-,2021850005,02,2021850005,0,0,0,10,16100,82.6415,24,59B
118.4057,59.9969,20,-,2021850005,03,2021850005,0,0,0,10,16100,83.4270,20,59C
116.8452,59.9881,0,-,2021850005,04,2021850005,0,49,0,10,14400,81.8716,49,59D
117.6051,59.9710,0,-,2021850005,05,2021850005,0,48,0,10,14400,82.6415,48,59E
117.6051,59.9710,0,-,2021850005,06,2021850005,0,0,19,10,14400,82.6415,19,59F
118.4057,59.9969,0,-,2021850005,07,2021850005,0,52,0,10,14400,83.4270,52,59G
135.8712,69.9138,20,-,2021850005,08,2021850005,0,0,0,10,17800,95.1108,20,69A
136.5371,69.9790,81,-,2021850005,09,2021850005,0,0,0,10,17800,95.7386,81,69B
136.0440,69.9991,137,-,2021850005,10,2021850005,0,0,0,10,17800,95.2338,137,69C
164.4807,84.8959,258,-,2021850005,11,2021850005,0,0,0,10,19300,114.9856,258,84A
112.5450,59.8228,0,-,2021850004,01,2021850004,0,40,0,10,5000,79.9721,40,59A
112.9115,59.5349,0,-,2021850004,02,2021850004,0,0,19,10,11134,80.4953,19,59B
136.9079,72.8832,0,-,2021850004,03,2021850004,0,0,114,10,12585,97.2238,114,72A
136.9079,72.8832,215,-,2021850004,04,2021850004,0,0,0,10,12585,97.2238,215,72B
158.7264,84.8863,847,-,2021850004,05,2021850004,0,0,0,10,13787,112.5066,847,84
134.6232,74.9850,29,-,2021850003,01,2021850003,0,0,0,10,15800,97.1535,29,74B
152.3404,84.8980,282,-,2021850003,02,2021850003,0,0,0,10,16800,109.9173,282,84A
152.7935,84.9350,160,-,2021850003,03,2021850003,0,0,0,10,16800,110.3519,160,84B
153.9090,84.9880,56,-,2021850003,04,2021850003,0,0,0,10,16800,111.4409,56,84C
153.7667,84.9720,82,-,2021850003,05,2021850003,0,0,0,10,16800,111.3066,82,84D
130.8133,59.9740,233,-,2021850002,01,2021850002,0,0,0,10,45980,83.3308,233,59A
132.0405,59.9864,79,-,2021850002,02,2021850002,0,0,0,10,46020,84.5482,79,59B
130.8133,59.9740,0,-,2021850002,03,2021850002,6,38,19,10,40330,83.3308,63,59C
132.0405,59.9864,0,-,2021850002,04,2021850002,1,10,5,10,40330,84.5482,16,59D
115.4476,51.9770,0,-,2021850001,01,2021850001,0,27,0,10,4200,74.6126,27,51B
133.2967,55.4200,0,-,2021850001,02,2021850001,0,0,54,10,6300,85.6874,54,55OT
128.8855,53.5760,0,-,2021850001,03,2021850001,0,0,51,10,6100,82.8602,51,53OT1
128.8855,53.5760,0,-,2021850001,04,2021850001,0,0,3,10,4700,82.8602,3,53OT2
174.5459,84.9809,117,-,2020850010,01,2020850010,0,0,0,10,52850,113.9660,117,84A
174.4811,84.9331,88,-,2020850010,02,2020850010,0,0,0,10,52820,113.9352,88,84B
173.6034,84.5792,60,-,2020850010,03,2020850010,0,0,0,10,52350,113.3098,60,84C
174.1086,84.9713,32,-,2020850010,04,2020850010,0,0,0,10,52600,113.5355,32,84D
174.3575,84.9435,30,-,2020850010,05,2020850010,0,0,0,10,52570,113.8043,30,84E
174.3575,84.9435,27,-,2020850010,06,2020850010,0,0,0,10,52570,113.8043,27,84F
174.2697,84.9991,18,-,2020850010,07,2020850010,0,0,0,10,51870,113.6768,18,84G
174.2697,84.9991,15,-,2020850010,08,2020850010,0,0,0,10,51870,113.6768,15,84H
176.0212,84.9500,4,-,2020850010,09,2020850010,0,0,0,10,53590,115.4633,4,84I
176.0212,84.9500,4,-,2020850010,10,2020850010,0,0,0,10,53070,115.4633,4,84J
174.5459,84.9809,0,-,2020850010,11,2020850010,3,17,11,10,45710,113.9660,31,84K
174.4811,84.9331,0,-,2020850010,12,2020850010,1,2,2,10,44780,113.9352,5,84L
173.6034,84.5792,0,-,2020850010,13,2020850010,1,1,1,10,43910,113.3098,3,84M
174.1086,84.9713,0,-,2020850010,14,2020850010,1,4,2,10,45250,113.5355,7,84N
174.3575,84.9435,0,-,2020850010,15,2020850010,1,9,5,10,45690,113.8043,15,84O
174.3575,84.9435,0,-,2020850010,16,2020850010,1,11,6,10,45690,113.8043,18,84P
174.2697,84.9991,0,-,2020850010,17,2020850010,1,5,3,10,45030,113.6768,9,84Q
174.2697,84.9991,0,-,2020850010,18,2020850010,1,7,4,10,45030,113.6768,12,84R
130.5751,72.9609,189,-,2020850009,01,2020850009,0,0,0,10,8400,95.6805,189,72C
149.0529,84.9706,614,-,2020850009,02,2020850009,0,0,0,10,9500,108.4144,614,84A
121.3420,62.6200,204,-,2020850008,01,2020850008,0,0,0,10,8100,82.2020,204,62A
121.3420,62.6200,0,-,2020850008,02,2020850008,28,43,71,10,7300,82.2020,142,62B
144.2110,74.6600,63,-,2020850008,03,2020850008,0,0,0,10,10000,97.5460,63,74A
144.9270,74.6200,0,-,2020850008,04,2020850008,17,26,44,10,8900,98.2870,87,74B
145.2690,74.6100,112,-,2020850008,05,2020850008,0,0,0,10,10000,98.6350,112,74C
163.3150,84.8300,384,-,2020850008,06,2020850008,0,0,0,10,11900,110.2930,384,84A
164.1250,84.5100,105,-,2020850008,07,2020850008,0,0,0,10,11900,111.3040,105,84B
163.6470,84.6900,225,-,2020850008,08,2020850008,0,0,0,10,11900,110.7130,225,84C
164.5020,84.6600,0,-,2020850008,09,2020850008,12,19,31,10,10600,111.5860,62,84D
167.8400,84.6700,2,-,2020850008,10,2020850008,0,0,0,10,11900,114.9190,2,84E
163.5920,84.7200,59,-,2020850008,11,2020850008,0,0,0,10,11900,110.6390,59,84F
120.3163,64.9800,0,-,2020850007,01,2020850007,3,34,9,10,20900,83.6253,46,64A
120.3163,64.9800,92,-,2020850007,02,2020850007,0,0,0,10,23400,83.6253,92,64B
120.5408,64.9600,0,-,2020850007,03,2020850007,1,17,5,10,20900,83.8611,23,64C
120.5408,64.9600,98,-,2020850007,04,2020850007,0,0,0,10,23400,83.8611,98,64D
121.4300,64.9200,0,-,2020850007,05,2020850007,2,18,5,10,20900,84.7729,25,64E
121.4300,64.9200,90,-,2020850007,06,2020850007,0,0,0,10,23400,84.7729,90,64F
149.2483,79.9700,0,-,2020850007,07,2020850007,3,42,11,10,22000,104.0931,56,79A
149.2483,79.9700,167,-,2020850007,08,2020850007,0,0,0,10,24800,104.0931,167,79B
129.0645,64.8900,0,-,2020850006,01,2020850006,5,66,18,10,20300,87.6651,89,64A
129.0645,64.8900,152,-,2020850006,02,2020850006,0,0,0,10,22700,87.6651,152,64B
128.8101,64.9300,0,-,2020850006,03,2020850006,2,29,9,10,20300,87.3852,40,64C
128.8101,64.9300,148,-,2020850006,04,2020850006,0,0,0,10,22700,87.3852,148,64D
128.3780,64.9500,21,-,2020850006,05,2020850006,0,0,0,10,22700,86.9403,21,64E
128.5701,64.9300,20,-,2020850006,06,2020850006,0,0,0,10,22700,87.1452,20,64F
128.6663,64.7800,73,-,2020850006,07,2020850006,0,0,0,10,22700,87.3371,73,64G
129.1480,64.9500,0,-,2020850006,08,2020850006,2,26,7,10,20300,87.7103,35,64H
129.1480,64.9500,67,-,2020850006,09,2020850006,0,0,0,10,22700,87.7103,67,64I
157.4587,79.9200,0,-,2020850006,10,2020850006,5,57,15,10,21500,106.4703,77,79A
157.4587,79.9200,136,-,2020850006,11,2020850006,0,0,0,10,24000,106.4703,136,79B
157.6777,79.9300,0,-,2020850006,12,2020850006,2,28,8,10,21500,106.6829,38,79C
157.6777,79.9300,140,-,2020850006,13,2020850006,0,0,0,10,24000,106.6829,140,79D
157.2677,79.9300,4,-,2020850006,14,2020850006,0,0,0,10,24000,106.2729,4,79E
158.4519,79.8900,0,-,2020850006,15,2020850006,2,13,3,10,21500,107.4827,18,79F
158.4519,79.8900,68,-,2020850006,16,2020850006,0,0,0,10,24000,107.4827,68,79G
158.4519,79.8900,35,-,2020850006,17,2020850006,0,0,0,10,24000,107.4827,35,79H
158.3970,79.7500,6,-,2020850006,18,2020850006,0,0,0,10,24000,107.5171,6,79I
49.6279,18.7080,0,-,2020850005,01,2020850005,0,0,38,10,5000,37.9218,38,18
91.6980,35.3029,0,-,2020850005,02,2020850005,0,0,68,10,7000,69.6080,68,35
124.4137,59.8032,1064,-,2020850005,03,2020850005,0,0,0,10,14500,87.0972,1064,59A
124.9103,59.5385,182,-,2020850005,04,2020850005,0,0,0,10,14500,87.7589,182,59B
125.9397,59.8168,12,-,2020850005,05,2020850005,0,0,0,10,14500,88.6146,12,59C
124.2589,59.5381,32,-,2020850005,06,2020850005,0,0,0,10,14500,87.1077,32,59D
124.4137,59.8032,0,-,2020850005,07,2020850005,144,144,0,10,13000,87.0972,288,59E
124.9103,59.5385,0,-,2020850005,08,2020850005,132,133,0,10,13000,87.7589,265,59F
125.9397,59.8168,0,-,2020850005,09,2020850005,14,14,0,10,13000,88.6146,28,59G
124.2589,59.5381,0,-,2020850005,10,2020850005,15,14,0,10,13000,87.1077,29,59H
143.9552,69.2824,479,-,2020850005,11,2020850005,0,0,0,10,16500,100.7318,479,69A
144.4440,69.4834,495,-,2020850005,12,2020850005,0,0,0,10,16500,101.0953,495,69B
145.3634,69.3321,464,-,2020850005,13,2020850005,0,0,0,10,16500,102.1090,464,69C
167.0814,84.5552,10,-,2020850005,14,2020850005,0,0,0,10,20000,114.4111,10,84A
167.0497,84.1614,113,-,2020850005,15,2020850005,0,0,0,10,20000,114.6248,113,84B
168.8890,84.5552,11,-,2020850005,16,2020850005,0,0,0,10,20000,116.2187,11,84C
124.2312,59.8985,52,-,2020850004,01,2020850004,0,0,0,10,10300,80.9333,52,59C
118.8607,59.8849,88,-,2020850004,02,2020850004,0,0,0,10,10300,85.1249,88,59D
150.6082,72.9738,63,-,2020850004,03,2020850004,0,0,0,10,10600,97.8588,63,72A
138.6376,72.9738,36,-,2020850004,04,2020850004,0,0,0,10,10600,97.6284,36,72B
138.0385,72.9088,96,-,2020850004,05,2020850004,0,0,0,10,10600,96.9658,96,72C
160.3963,84.9798,175,-,2020850004,06,2020850004,0,0,0,10,11200,112.5235,175,84A
162.3174,84.9795,172,-,2020850004,07,2020850004,0,0,0,10,11200,114.4448,172,84B
121.3800,69.9800,0,-,2020850003,01,2020850003,0,15,15,10,12500,90.5300,30,69
146.6400,84.9700,0,-,2020850003,02,2020850003,0,51,51,10,14800,109.1800,102,84A
146.6400,84.9700,287,-,2020850003,03,2020850003,0,0,0,10,16000,109.1800,287,84B
172.5400,99.9600,14,-,2020850003,04,2020850003,0,0,0,10,16800,128.4700,14,99A
172.3000,99.4800,80,-,2020850003,05,2020850003,0,0,0,10,16800,128.4500,80,99B
181.7500,105.9800,81,-,2020850003,06,2020850003,0,0,0,10,17200,135.0300,81,105
56.0308,27.8200,39,-,2020850002,01,2020850002,0,0,0,10,1180,43.0732,39,27B
60.4059,30.2100,30,-,2020850002,02,2020850002,0,0,0,10,1280,46.3350,30,30
78.1958,39.1600,9,-,2020850002,03,2020850002,0,0,0,10,1630,59.9564,9,39A
77.8810,39.2200,120,-,2020850002,04,2020850002,0,0,0,10,1630,59.6136,120,39B
144.4786,59.9480,0,-,2020850001,01,2020850001,0,47,0,10,17000,81.6648,47,59
140.6032,74.9361,0,-,2020850001,02,2020850001,0,135,0,10,20000,101.1266,135,74A
141.9017,74.9145,0,-,2020850001,03,2020850001,0,30,0,10,20000,102.4364,30,74B
160.5773,84.9716,0,-,2020850001,04,2020850001,0,6,0,10,22000,115.8139,6,84B
